[
                  {
                      "source": "Hospital1",
                      "caseID": "456464",
                      "caseType": "positive",
                      "firstName": "John",
                      "lastName": "Nixon",
                      "phone": "541-754-3010",
                      "email": "john@gmail.com",
                      "dateOfBirth": "1989-04-26",
                      "nationalID": "209-49-6193",
                      "nationalIDType": "SSN",
                      "address": {
                          "streetAddress": "1600 Pennsylvania Avenue NW",
                          "city": "Washington",
                          "state": "DC",
                          "postal": "20500",
                          "country": "USA"
                      }
                  },
                  {
                      "source": "Hospital1",
                      "caseID": "528293",
                      "caseType": "negative",
                      "firstName": "John",
                      "lastName": "Nixon",
                      "phone": "541-754-3010",
                      "email": "john@gmail.com",
                      "dateOfBirth": "1989-04-26",
                      "nationalID": "209-49-6193",
                      "nationalIDType": "SSN",
                      "address": {
                          "streetAddress": "1600 Pennsylvania Avenue NW",
                          "city": "Washington",
                          "state": "DC",
                          "postal": "20500",
                          "country": "USA"
                      }
                  }
              ] 