{"main":"uhub-sapi.raml","name":"uhub-sapi1","classifier":"raml","tags":[],"dependencies":[{"groupId":"512a977a-aa3d-4f2f-8637-e186b7d0116b","assetId":"uho-common-datatypes-library","version":"1.0.0"}],"groupId":"512a977a-aa3d-4f2f-8637-e186b7d0116b","organizationId":"512a977a-aa3d-4f2f-8637-e186b7d0116b","assetId":"uhub-sapi1","version":"1.0.2","apiVersion":"v1","originalFormatVersion":"1.0","metadata":{"projectId":"0059f0b3-69db-4c74-a070-ef335bbdf2ba","branchId":"master","commitId":"3e1765c26c576e7f42609a182226dbe8a6f9305c"}}